<?xml version="1.0" encoding="UTF-8"?>
<metadata xml:lang="en"><Esri><CreaDate>20240414</CreaDate><CreaTime>10455300</CreaTime><ArcGISFormat>1.0</ArcGISFormat><SyncOnce>TRUE</SyncOnce><DataProperties><itemProps><itemLocation><linkage Sync="TRUE">file://\\DESKTOP-6NJL2EF\D$\KGZ_SDG_1131\DEGURBA_WP\kgz_ppp_2020_1km_Aggregated_UNadj.tif</linkage><protocol Sync="TRUE">Local Area Network</protocol></itemLocation></itemProps><copyHistory><copy source="D:\KGZ_SDG_1131\kgz_ppp_2020_1km_Aggregated_UNadj.tif" dest="\\DESKTOP-6NJL2EF\D$\KGZ_SDG_1131\DEGURBA_WP\kgz_ppp_2020_1km_Aggregated_UNadj.tif" date="20240414" time="10455300"></copy></copyHistory><lineage><Process ToolSource="c:\program files\arcgis\pro\Resources\ArcToolbox\toolboxes\Data Management Tools.tbx\Copy" Date="20240414" Time="104553">Copy D:\KGZ_SDG_1131\kgz_ppp_2020_1km_Aggregated_UNadj.tif D:\KGZ_SDG_1131\DEGURBA_WP\kgz_ppp_2020_1km_Aggregated_UNadj.tif "Raster Dataset" #</Process></lineage></DataProperties></Esri></metadata>
